{"个人信息": ["参保ID", "患者身份证号", "参保人身份证号", "病人身份证号", "姓名", "参保人姓名", "受益人", "性别", "出生日期", "民族", "联系电话", "地址", "常住地址", "月收入"], "保险信息": ["保险终止日期", "参保类型", "参保状态", "保险生效日期", "是否为五保户"], "就诊信息": ["出院日期", "就诊时间", "疾病分级", "病因", "就诊日期", "金额", "检查类型", "住院时间", "处方信息", "费用类型", "科室", "住院ID", "就诊ID", "级别", "检查时间", "诊断结果", "疾病编码", "疾病名称", "入院日期", "发票号码", "医院名称", "所属科室", "医疗费用", "常见治疗方案", "检查费用", "主治医生ID", "疾病描述", "检查日期", "检查ID"], "理赔信息": ["理赔ID", "赔付比例", "理赔日期", "理赔金额"], "医生信息": ["医生姓名", "主治医生姓名", "检查人姓名", "负责医生姓名", "医生ID", "检查人身份证号", "负责医生ID"], "产品信息": ["产品ID", "产品名称", "产品描述"], "财务信息": ["住院费用", "缴费日期", "缴费时间", "费用ID"], "职业信息": ["所属公司名", "职业"]}